"Country Name","Country Code","Indicator Name","Indicator Code","1960","1961","1962","1963","1964","1965","1966","1967","1968","1969","1970","1971","1972","1973","1974","1975","1976","1977","1978","1979","1980","1981","1982","1983","1984","1985","1986","1987","1988","1989","1990","1991","1992","1993","1994","1995","1996","1997","1998","1999","2000","2001","2002","2003","2004","2005","2006","2007","2008","2009","2010","2011","2012","2013","2014","2015","2016","2017","2018",
"Aruba","ABW","International tourism, number of departures","ST.INT.DPRT","","","","","","","","","","","","","","","","","","","","","","","","","","","","","","","","","","","","","","","","","","","","","","","","","","","","","","","","","","","",
"Afghanistan","AFG","International tourism, number of departures","ST.INT.DPRT","","","","","","","","","","","","","","","","","","","","","","","","","","","","","","","","","","","","","","","","","","","","","","","","","","","","","","","","","","","",
"Angola","AGO","International tourism, number of departures","ST.INT.DPRT","","","","","","","","","","","","","","","","","","","","","","","","","","","","","","","","","","","","3000","3000","","","","","","","","","","","","","","","","","","","","","","",
"Albania","ALB","International tourism, number of departures","ST.INT.DPRT","","","","","","","","","","","","","","","","","","","","","","","","","","","","","","","","","","","","","","","","","","955000","1303000","1350000","1694000","2097000","2616000","2979000","3716000","3404000","3443000","4120000","3959000","3928000","4146000","4504000","4852000","5186000","",
"Andorra","AND","International tourism, number of departures","ST.INT.DPRT","","","","","","","","","","","","","","","","","","","","","","","","","","","","","","","","","","","","","","","","","","","","","","","","","","","","","","","","","","","",
"Arab World","ARB","International tourism, number of departures","ST.INT.DPRT","","","","","","","","","","","","","","","","","","","","","","","","","","","","","","","","","","","","","","","","","","","","","","","","","","","","","","","","","","","",
"United Arab Emirates","ARE","International tourism, number of departures","ST.INT.DPRT","","","","","","","","","","","","","","","","","","","","","","","","","","","","","","","","","","","","","","","","","","","","","","","","","","","","","","","","","","","",
"Argentina","ARG","International tourism, number of departures","ST.INT.DPRT","","","","","","","","","","","","","","","","","","","","","","","","","","","","","","","","","","","","3815000","4296000","4517000","4592000","4786000","4953000","4762000","3008000","3088000","3904000","3894000","3892000","4167000","4614000","4981000","5307000","6686000","7266000","6746000","6517000","7807000","10446000","12258000","",
"Armenia","ARM","International tourism, number of departures","ST.INT.DPRT","","","","","","","","","","","","","","","","","","","","","","","","","","","","","","","","","","","","","","","","","111000","110000","131000","169000","221000","269000","329000","468000","516000","526000","563000","715000","965000","1083000","1198000","1187000","1263000","1482000","",
"American Samoa","ASM","International tourism, number of departures","ST.INT.DPRT","","","","","","","","","","","","","","","","","","","","","","","","","","","","","","","","","","","","","","","","","","","","","","","","","","","","","","","","","","","",
"Antigua and Barbuda","ATG","International tourism, number of departures","ST.INT.DPRT","","","","","","","","","","","","","","","","","","","","","","","","","","","","","","","","","","","","","","","","","","","","","","","","","","","","","","","","","","","",
"Australia","AUS","International tourism, number of departures","ST.INT.DPRT","","","","","","","","","","","","","","","","","","","","","","","","","","","","","","","","","","","","2519000","2732000","2933000","3161000","3210000","3498000","3443000","3461000","3388000","4369000","4756000","4941000","5462000","5808000","6276000","7103000","7788000","8212000","9052000","9480000","9807000","10380000","10932000","",
"Austria","AUT","International tourism, number of departures","ST.INT.DPRT","","","","","","","","","","","","","","","","","","","","","","","","","","","","","","","","","","","","","","","","","7528000","8350000","8266000","8384000","8371000","8206000","10042000","9876000","9677000","10121000","9882000","9874000","10960000","10671000","10994000","10628000","11534000","11491000","",
"Azerbaijan","AZE","International tourism, number of departures","ST.INT.DPRT","","","","","","","","","","","","","","","","","","","","","","","","","","","","","","","","","","","","","432000","654000","1146000","1204000","1326000","1130000","1141000","1475000","1473000","1830000","1836000","1631000","2162000","2363000","3176000","3550000","3874000","4285000","4244000","4096000","4282000","4109000","",
"Burundi","BDI","International tourism, number of departures","ST.INT.DPRT","","","","","","","","","","","","","","","","","","","","","","","","","","","","","","","","","","","","36000","35000","10000","16000","27000","28000","35000","","","","","","","","","","","","","","","","","",
"Belgium","BEL","International tourism, number of departures","ST.INT.DPRT","","","","","","","","","","","","","","","","","","","","","","","","","","","","","","","","","","","","","5645000","7548000","7776000","6410000","7932000","6570000","6773000","7268000","8783000","9327000","7852000","8371000","8887000","8775000","8801000","9727000","9576000","10803000","10991000","10835000","13372000","12153000","",
"Benin","BEN","International tourism, number of departures","ST.INT.DPRT","","","","","","","","","","","","","","","","","","","","","","","","","","","","","","","","","","","","","","","","","","","","","","","","","","","","","","","","","","","",
"Burkina Faso","BFA","International tourism, number of departures","ST.INT.DPRT","","","","","","","","","","","","","","","","","","","","","","","","","","","","","","","","","","","","","","","","","","","","","","","","","","","","","","","","","","","",
"Bangladesh","BGD","International tourism, number of departures","ST.INT.DPRT","","","","","","","","","","","","","","","","","","","","","","","","","","","","","","","","","","","","830000","911000","866000","992000","1103000","1128000","1075000","1158000","1414000","1565000","1767000","1819000","2327000","875000","2254000","1913000","2127000","2273000","1460000","","","","","",
"Bulgaria","BGR","International tourism, number of departures","ST.INT.DPRT","","","","","","","","","","","","","","","","","","","","","","","","","","","","","","","","","","","","3524000","3006000","3059000","2592000","2376000","2337000","2730000","3188000","3403000","3882000","4235000","4180000","4515000","5727000","4993000","3676000","3803000","3758000","3930000","4158000","4632000","5392000","6228000","",
"Bahrain","BHR","International tourism, number of departures","ST.INT.DPRT","","","","","","","","","","","","","","","","","","","","","","","","","","","","","","","","","","","","","","","","","","","","","","","","","","","","","","","","4741000","","","",
"Bahamas, The","BHS","International tourism, number of departures","ST.INT.DPRT","","","","","","","","","","","","","","","","","","","","","","","","","","","","","","","","","","","","","","","","","","","","","","","","","","","","","","","","","","","",
"Bosnia and Herzegovina","BIH","International tourism, number of departures","ST.INT.DPRT","","","","","","","","","","","","","","","","","","","","","","","","","","","","","","","","","","","","","","","","","","","","","","","","","","","","","","","","","","","",
"Belarus","BLR","International tourism, number of departures","ST.INT.DPRT","","","","","","","","","","","","","","","","","","","","","","","","","","","","","","","","","","","","626000","703000","969000","901000","934000","1289000","1387000","1436000","1108000","515000","572000","525000","517000","380000","316000","415000","320000","493000","708000","741000","671000","467000","706000","",
"Belize","BLZ","International tourism, number of departures","ST.INT.DPRT","","","","","","","","","","","","","","","","","","","","","","","","","","","","","","","","","","","","","","","","","","","","","","","","","","","","","","","","","","","",
"Bermuda","BMU","International tourism, number of departures","ST.INT.DPRT","","","","","","","","","","","","","","","","","","","","","","","","","","","","","","","","","","","","","","","","","","140000","145000","141000","156000","161000","170000","181000","192000","","","","","","","","","","",
"Bolivia","BOL","International tourism, number of departures","ST.INT.DPRT","","","","","","","","","","","","","","","","","","","","","","","","","","","","","","","","","","","","249000","269000","285000","299000","253000","201000","222000","217000","304000","346000","386000","472000","526000","589000","518000","604000","775000","788000","837000","932000","965000","1048000","1105000","",
"Brazil","BRA","International tourism, number of departures","ST.INT.DPRT","","","","","","","","","","","","","","","","","","","","","","","","","","","","","","","","","","","","2600000","3797000","4014000","4171000","2863000","3228000","2674000","2338000","3229000","2968000","3364000","3886000","4662000","5238000","4920000","6457000","7807000","8497000","8866000","9616000","9384000","8592000","9458000","",
"Barbados","BRB","International tourism, number of departures","ST.INT.DPRT","","","","","","","","","","","","","","","","","","","","","","","","","","","","","","","","","","","","","","","","","","","","","","","","","","","","","","","","","","","",
"Brunei Darussalam","BRN","International tourism, number of departures","ST.INT.DPRT","","","","","","","","","","","","","","","","","","","","","","","","","","","","","","","","","","","","","","","","","","","","","","","","","","","","","","","","","","","",
"Bhutan","BTN","International tourism, number of departures","ST.INT.DPRT","","","","","","","","","","","","","","","","","","","","","","","","","","","","","","","","","","","","","","","","","","","","","","","","","","","","","","","","","","","",
"Botswana","BWA","International tourism, number of departures","ST.INT.DPRT","","","","","","","","","","","","","","","","","","","","","","","","","","","","","","","","","","","","","","","","","","","","","","","","","","","","","","","","","","","",
"Central African Republic","CAF","International tourism, number of departures","ST.INT.DPRT","","","","","","","","","","","","","","","","","","","","","","","","","","","","","","","","","","","","","","","","","","","5000","6000","7000","8000","11000","","","","38000","","","","","","","","",
"Canada","CAN","International tourism, number of departures","ST.INT.DPRT","","","","","","","","","","","","","","","","","","","","","","","","","","","","","","","","","","","","18206000","18973000","19111000","17648000","18368000","19182000","18359000","17705000","17739000","19595000","21099000","22731000","25163000","27034000","26204000","28680000","30450000","32276000","32971000","33518000","32267000","31278000","33060000","",
"Central Europe and the Baltics","CEB","International tourism, number of departures","ST.INT.DPRT","","","","","","","","","","","","","","","","","","","","","","","","","","","","","","","","","","","","72853759.5017821","81369546.4356994","86835393.1637958","88459608.25295","92884233.2967981","95836629.8589967","92253009.4063696","85151167.0803623","80794956.6322261","84060319.1818902","89501505.9802846","93981868.5999889","103194194.536317","110599000","95151000","95233000","94646000","95640000","102067000","86720000","98234000","103736000","114125000","",
"Switzerland","CHE","International tourism, number of departures","ST.INT.DPRT","","","","","","","","","","","","","","","","","","","","","","","","","","","","","","","","","","","","11148000","12061000","12515000","11891000","11815000","12240000","11554000","11427000","8774000","","","","","11147000","10453000","10011000","10466000","12098000","12403000","12518000","13601000","13857000","15318000","",
"Channel Islands","CHI","International tourism, number of departures","ST.INT.DPRT","","","","","","","","","","","","","","","","","","","","","","","","","","","","","","","","","","","","","","","","","","","","","","","","","","","","","","","","","","","",
"Chile","CHL","International tourism, number of departures","ST.INT.DPRT","","","","","","","","","","","","","","","","","","","","","","","","","","","","","","","","","","","","","","","","","1319000","1180000","1293000","1341000","1504000","1725000","1887000","2047000","1899500","1909300","2218700","2637600","2837100","2999000","3169000","3359000","3553000","3620000","",
"China","CHN","International tourism, number of departures","ST.INT.DPRT","","","","","","","","","","","","","","","","","","","","","","","","","","","","","","","","","","","","4520000","5061000","5324000","8426000","9232000","10473000","12133000","16602000","20222000","28853000","31026000","34524000","40954000","45844000","47656000","57386000","70250000","83182000","98185000","116593000","127860000","135130000","143035000","",
"Cote d'Ivoire","CIV","International tourism, number of departures","ST.INT.DPRT","","","","","","","","","","","","","","","","","","","","","","","","","","","","","","","","","","","","","","","","","","","","","","","","","","","","","","","","","","","",
"Cameroon","CMR","International tourism, number of departures","ST.INT.DPRT","","","","","","","","","","","","","","","","","","","","","","","","","","","","","","","","","","","","","","","","","","","","","","","","","","","","","","","","","","","",
"Congo, Dem. Rep.","COD","International tourism, number of departures","ST.INT.DPRT","","","","","","","","","","","","","","","","","","","","","","","","","","","","","","","","","","","","","","","50000","50000","","","","","","","","","","","","","","","","356000","424000","","",
"Congo, Rep.","COG","International tourism, number of departures","ST.INT.DPRT","","","","","","","","","","","","","","","","","","","","","","","","","","","","","","","","","","","","","","","","","","","","","","","","","","","","","161000","180000","","","","","",
"Colombia","COL","International tourism, number of departures","ST.INT.DPRT","","","","","","","","","","","","","","","","","","","","","","","","","","","","","","","","","","","","1057000","929000","1071000","1093000","1098000","1235000","1381000","1277000","1177000","1405000","1553000","","2028000","2042000","2122000","2342000","2522000","3169000","3605000","3911000","3862000","3795000","4017000","",
"Comoros","COM","International tourism, number of departures","ST.INT.DPRT","","","","","","","","","","","","","","","","","","","","","","","","","","","","","","","","","","","","","","","","","","","","","","","","","","","","","","","","","","","",
"Cabo Verde","CPV","International tourism, number of departures","ST.INT.DPRT","","","","","","","","","","","","","","","","","","","","","","","","","","","","","","","","","","","","","","","","","","","","","","","","","","","","","","","","","","","",
"Costa Rica","CRI","International tourism, number of departures","ST.INT.DPRT","","","","","","","","","","","","","","","","","","","","","","","","","","","","","","","","","","","","273000","283000","288000","330000","353000","381000","361000","364000","373000","425000","487000","485000","577000","528000","579000","662000","717000","773000","790000","798000","919000","1036000","1150000","",
"Caribbean small states","CSS","International tourism, number of departures","ST.INT.DPRT","","","","","","","","","","","","","","","","","","","","","","","","","","","","","","","","","","","","","","","","","","","","","","","","","","","","","","","","","","","",
"Cuba","CUB","International tourism, number of departures","ST.INT.DPRT","","","","","","","","","","","","","","","","","","","","","","","","","","","","","","","","","","","","72000","72000","83000","94000","97000","139000","121000","111000","113000","124000","162000","199000","194000","202000","206000","251000","253000","213000","286000","355000","580000","894000","","",
"Curacao","CUW","International tourism, number of departures","ST.INT.DPRT","","","","","","","","","","","","","","","","","","","","","","","","","","","","","","","","","","","","","","","","","","","","","","","","","","","","","","","","","","","",
"Cayman Islands","CYM","International tourism, number of departures","ST.INT.DPRT","","","","","","","","","","","","","","","","","","","","","","","","","","","","","","","","","","","","","","","","","","","","","","","","","","","","","","","","","","","",
"Cyprus","CYP","International tourism, number of departures","ST.INT.DPRT","","","","","","","","","","","","","","","","","","","","","","","","","","","","","","","","","","","","360000","365000","422000","484000","540000","588000","684000","744000","737000","859000","914000","932000","1081000","1210000","1172000","1246000","1209000","1194000","1115000","1209000","1119000","1268000","1407000","",
"Czech Republic","CZE","International tourism, number of departures","ST.INT.DPRT","","","","","","","","","","","","","","","","","","","","","","","","","","","","","","","","","","","","","","","","","","","","7213000","6643000","6963000","6393000","9048000","9665000","8904000","8673000","5279000","5419000","5781000","5651000","5856000","6027000","6775000","",
"Germany","DEU","International tourism, number of departures","ST.INT.DPRT","","","","","","","","","","","","","","","","","","","","","","","","","","","","","","","","","","","","","","55800000","69200000","78100000","80507000","81551000","80393000","85345000","84859000","86622000","81801000","82099000","86201000","85547000","85872000","84692000","82729000","87459000","83008000","83737000","90966000","92402000","",
"Djibouti","DJI","International tourism, number of departures","ST.INT.DPRT","","","","","","","","","","","","","","","","","","","","","","","","","","","","","","","","","","","","","","","","","","","","","","","","","","","","","","","","","","","",
"Dominica","DMA","International tourism, number of departures","ST.INT.DPRT","","","","","","","","","","","","","","","","","","","","","","","","","","","","","","","","","","","","","","","","","","","","","","","","","","","","","","","","","","","",
"Denmark","DNK","International tourism, number of departures","ST.INT.DPRT","","","","","","","","","","","","","","","","","","","","","","","","","","","","","","","","","","","","","5035000","4693000","4788000","4744000","5011000","4946000","4935000","5564000","4630000","5469000","6129000","6564000","6347000","7037000","7726000","7846000","7843000","6977000","8528000","8991000","9651000","8102000","",
"Dominican Republic","DOM","International tourism, number of departures","ST.INT.DPRT","","","","","","","","","","","","","","","","","","","","","","","","","","","","","","","","","","","","168000","358000","355000","354000","363000","360000","331000","332000","321000","368000","419000","420000","443000","413000","415000","401000","408000","418000","392000","427000","478000","500000","522000","",
"Algeria","DZA","International tourism, number of departures","ST.INT.DPRT","","","","","","","","","","","","","","","","","","","","","","","","","","","","","","","","","","","","1090000","874000","827000","879000","903000","1006000","1190000","1257000","1254000","1417000","1513000","1349000","1499000","1539000","1677000","1757000","1715000","1911000","2136000","2839000","3638000","4530000","5058000","",
"East Asia & Pacific (excluding high income)","EAP","International tourism, number of departures","ST.INT.DPRT","","","","","","","","","","","","","","","","","","","","","","","","","","","","","","","","","","","","18978130.0498644","21473112.5561587","23276586.927428","24734301.9083678","25681405.6923679","29541602.2054544","34485769.5152491","34050503.9380897","37797784.8982606","43145282.9690903","46844284.3819135","53147266.8997151","62031075.4055687","67956993.6978072","69671460.5299986","84147575.3259072","100207058.558006","117051489.969785","136747926.225176","159719634.832864","175040113.054249","186149646.285087","197465213.086668","",
"Early-demographic dividend","EAR","International tourism, number of departures","ST.INT.DPRT","","","","","","","","","","","","","","","","","","","","","","","","","","","","","","","","","","","","51587102.6607436","55958479.6732577","58531217.4751513","62705167.3333386","66809473.7362976","72870684.8992124","75095740.7678823","75175697.0063015","72826898.4012478","83885949.7535976","91459957.4449982","92503236.5264981","98580631.9837384","100690995.930682","103817365.635703","128725730.386272","130925156.940957","141488700.672792","153076290.956255","163783375.672992","177456757.128347","191888654.982884","201929315.619423","",
"East Asia & Pacific","EAS","International tourism, number of departures","ST.INT.DPRT","","","","","","","","","","","","","","","","","","","","","","","","","","","","","","","","","","","","","","","111029513.515529","120207382.734714","135134367.291719","143222409.066174","147230259.356934","144940043.624985","168940181.025262","179444037.892673","192471295.525319","209702886.266301","214634066.601668","213311310.795492","244826606.308854","263374393.64643","285484499.92911","306724570.77749","332053762.904243","357635727.46412","378915815.332456","397924818.383815","",
"Europe & Central Asia (excluding high income)","ECA","International tourism, number of departures","ST.INT.DPRT","","","","","","","","","","","","","","","","","","","","","","","","","","","","","","","","","","","","51164023.5716749","39264166.8583048","43987462.1452824","42397254.5135945","43451544.291834","59731263.6416197","62155533.6675591","65380584.9427626","67923868.0820662","77927840.0055348","85535961.9838306","91102652.8885267","98204499.9605698","106070476.522233","102863398.838041","110375856.926207","124173276.226263","133631262.652474","149171771.340896","140370946.201186","129938023.835771","132977785.410944","154362613.82534","",
"Europe & Central Asia","ECS","International tourism, number of departures","ST.INT.DPRT","","","","","","","","","","","","","","","","","","","","","","","","","","","","","","","","","","","","","331730141.559469","350518786.935096","375279388.540475","391196122.580301","426583196.372925","427450742.714167","431068914.459093","435958427.779145","455682391.258965","486692164.436696","492074055.35391","520967129.497627","537320618.189709","506737162.90829","517427262.120143","537493216.786746","549028658.716737","574505811.520903","552894140.859448","566873617.4612","594422091.447345","635516745.521871","",
"Ecuador","ECU","International tourism, number of departures","ST.INT.DPRT","","","","","","","","","","","","","","","","","","","","","","","","","","","","","","","","","","","","271000","275000","321000","330000","386000","520000","562000","627000","613000","603000","664000","733000","801000","815000","814000","899000","1022000","1022000","1138000","1278000","1398000","1551000","1547000","",
"Egypt, Arab Rep.","EGY","International tourism, number of departures","ST.INT.DPRT","","","","","","","","","","","","","","","","","","","","","","","","","","","","","","","","","","","","2683000","2812000","2722000","2854000","2886000","2964000","3074000","3330000","3644000","5210000","5307000","4531000","","","4716000","4618000","4863000","5678000","5782000","6180000","","","","",
"Euro area","EMU","International tourism, number of departures","ST.INT.DPRT","","","","","","","","","","","","","","","","","","","","","","","","","","","","","","","","","","","","","","143099914.116068","161547983.86923","168981119.535052","181734907.735255","182693550.901225","186155030.008622","193891539.450752","198237034.368309","210591706.067603","208084399.815513","221483310.808629","226001706.079576","225147848.665552","227063091.111759","231191961.485011","225750814.481501","230268683.297888","231738042.404194","235717214.620852","251642112.197578","262760348.112161","",
"Eritrea","ERI","International tourism, number of departures","ST.INT.DPRT","","","","","","","","","","","","","","","","","","","","","","","","","","","","","","","","","","","","","","","","","","","","","","","","","","","","","","","","","","","",
"Spain","ESP","International tourism, number of departures","ST.INT.DPRT","","","","","","","","","","","","","","","","","","","","","","","","","","","","","","","","","","","","3648000","4224000","3980000","4794000","3519000","4100000","4139000","3871000","4094000","5121000","10464000","10678000","11276000","11229000","12017000","12379000","13347000","12422000","11246000","11783000","14407000","15405000","17031000","",
"Estonia","EST","International tourism, number of departures","ST.INT.DPRT","","","","","","","","","","","","","","","","","","","","","","","","","","","","","","","","","","","","1764000","1547000","1616000","1659000","1780000","1800000","1658000","1849000","2075000","","","438000","677000","692000","752000","955000","1054000","1147000","1166000","1426000","1250000","1339000","1279000","",
"Ethiopia","ETH","International tourism, number of departures","ST.INT.DPRT","","","","","","","","","","","","","","","","","","","","","","","","","","","","","","","","","","","","120000","133000","","","","","","","","","","","","","","","","","","","","","","",
"European Union","EUU","International tourism, number of departures","ST.INT.DPRT","","","","","","","","","","","","","","","","","","","","","","","","","","","","","","","","","","","","","271420561.517447","284221892.793757","309695571.035271","322777176.485649","340783085.927046","340633646.894124","340737833.262147","346905876.726608","356707578.06104","378798534.382903","380570623.29531","403096616.474319","414455496.722338","387566878.223059","388360513.800417","394320441.20567","394282649.03532","404807940.477742","393425059.649229","415826094.126207","443469021.562963","466939162.771455","",
"Fragile and conflict affected situations","FCS","International tourism, number of departures","ST.INT.DPRT","","","","","","","","","","","","","","","","","","","","","","","","","","","","","","","","","","","","","","","","","","","","","","","","","","","","","","","","","","","",
"Finland","FIN","International tourism, number of departures","ST.INT.DPRT","","","","","","","","","","","","","","","","","","","","","","","","","","","","","","","","","","","","5147000","4918000","5233000","4743000","5314000","5914000","5824000","5857000","5585000","5798000","5902000","5756000","5749000","5854000","5832000","6633000","7274000","9055000","8562000","8731000","8904000","9125000","9330000","",
"Fiji","FJI","International tourism, number of departures","ST.INT.DPRT","","","","","","","","","","","","","","","","","","","","","","","","","","","","","","","","","","","","68000","72000","74000","78000","89000","83000","85000","99000","104000","94000","109000","121000","120000","124000","125000","128000","132000","132000","","","","156000","169000","",
"France","FRA","International tourism, number of departures","ST.INT.DPRT","","","","","","","","","","","","","","","","","","","","","","","","","","","","","","","","","","","","18686000","18151000","17115000","18077000","16709000","19886000","19265000","18315000","18576000","21131000","22480000","22240000","28103000","25506000","25140000","25041000","26155000","25317000","26062000","27919000","26648000","26483000","29055000","",
"Faroe Islands","FRO","International tourism, number of departures","ST.INT.DPRT","","","","","","","","","","","","","","","","","","","","","","","","","","","","","","","","","","","","","","","","","","","","","","","","","","","","","","","","","","","",
"Micronesia, Fed. Sts.","FSM","International tourism, number of departures","ST.INT.DPRT","","","","","","","","","","","","","","","","","","","","","","","","","","","","","","","","","","","","","","","","","","","","","","","","","","","","","","","","","","","",
"Gabon","GAB","International tourism, number of departures","ST.INT.DPRT","","","","","","","","","","","","","","","","","","","","","","","","","","","","","","","","","","","","","","","203000","187000","168000","189000","219000","236000","","","","","","","","","","","","","","","",
"United Kingdom","GBR","International tourism, number of departures","ST.INT.DPRT","","","","","","","","","","","","","","","","","","","","","","","","","","","","","","","","","","","","41345000","42050000","45957000","50872000","53881000","56837000","58281000","59377000","61424000","64194000","66494000","69536000","69450000","69011000","58614000","55562000","56836000","56538000","57792000","60082000","65720000","70815000","74189000","",
"Georgia","GEO","International tourism, number of departures","ST.INT.DPRT","","","","","","","","","","","","","","","","","","","","","","","","","","","","","","","","","","","","228000","219000","355000","433000","373000","315000","306000","317000","","466000","857000","1346000","1473000","1872000","1980000","2086000","2237000","2734000","3220000","3106000","3136000","3400000","3851000","",
"Ghana","GHA","International tourism, number of departures","ST.INT.DPRT","","","","","","","","","","","","","","","","","","","","","","","","","","","","","","","","","","","","","","","","","","","","","","","","","","","","","","","","","","","",
"Gibraltar","GIB","International tourism, number of departures","ST.INT.DPRT","","","","","","","","","","","","","","","","","","","","","","","","","","","","","","","","","","","","","","","","","","","","","","","","","","","","","","","","","","","",
"Guinea","GIN","International tourism, number of departures","ST.INT.DPRT","","","","","","","","","","","","","","","","","","","","","","","","","","","","","","","","","","","","","","","","","","","","","","","","","","","","","","","","","","","",
"Gambia, The","GMB","International tourism, number of departures","ST.INT.DPRT","","","","","","","","","","","","","","","","","","","","","","","","","","","","","","","","","","","","","","","","","","","","","","387000","307000","","","","","","","","","","","","",
"Guinea-Bissau","GNB","International tourism, number of departures","ST.INT.DPRT","","","","","","","","","","","","","","","","","","","","","","","","","","","","","","","","","","","","","","","","","","","","","","","","","","","","","","","","","","","",
"Equatorial Guinea","GNQ","International tourism, number of departures","ST.INT.DPRT","","","","","","","","","","","","","","","","","","","","","","","","","","","","","","","","","","","","","","","","","","","","","","","","","","","","","","","","","","","",
"Greece","GRC","International tourism, number of departures","ST.INT.DPRT","","","","","","","","","","","","","","","","","","","","","","","","","","","","","","","","","","","","","","","","","","","","","","","","","3765000","3835000","3799000","4941000","4681000","4594000","5802000","6291000","7235000","7685000","",
"Grenada","GRD","International tourism, number of departures","ST.INT.DPRT","","","","","","","","","","","","","","","","","","","","","","","","","","","","","","","","","","","","","","","","","","","","","","","","","","","","","","","","","","","",
"Greenland","GRL","International tourism, number of departures","ST.INT.DPRT","","","","","","","","","","","","","","","","","","","","","","","","","","","","","","","","","","","","","","","","","","","","","","","","","","","","","","","","","","","",
"Guatemala","GTM","International tourism, number of departures","ST.INT.DPRT","","","","","","","","","","","","","","","","","","","","","","","","","","","","","","","","","","","","333000","333000","331000","391000","485000","488000","580000","629000","658000","854000","982000","1055000","1168000","1277000","651000","694000","718000","721000","846000","992000","1130000","1195000","1328000","",
"Guam","GUM","International tourism, number of departures","ST.INT.DPRT","","","","","","","","","","","","","","","","","","","","","","","","","","","","","","","","","","","","","","","","","","","","","","","","","","","","","","","","","","","",
"Guyana","GUY","International tourism, number of departures","ST.INT.DPRT","","","","","","","","","","","","","","","","","","","","","","","","","","","","","","","","","","","","","","","","","","","","","","","","","","","","","","","","","","","",
"High income","HIC","International tourism, number of departures","ST.INT.DPRT","","","","","","","","","","","","","","","","","","","","","","","","","","","","","","","","","","","","","","468877993.137413","495725260.336813","521760154.607359","557225978.03052","553940044.910471","555516441.014894","543374125.711645","580605964.880834","614189541.24386","620997575.70194","655961372.385943","665107187.062453","635370456.441304","663296333.577539","672967337.461595","688877974.814145","703851659.94172","703396000.965971","742819568.797745","784624997.697599","824735442.287103","",
"Hong Kong SAR, China","HKG","International tourism, number of departures","ST.INT.DPRT","","","","","","","","","","","","","","","","","","","","","","","","","","","","","","","","","","","","","","","47594000","53144000","58901000","61096000","64540000","60936000","68903000","72300000","75812000","80682000","81911000","81958000","84442000","84816000","85276000","84414000","84519000","89082000","91758000","91304000","",
"Honduras","HND","International tourism, number of departures","ST.INT.DPRT","","","","","","","","","","","","","","","","","","","","","","","","","","","","","","","","","","","","149000","162000","183000","202000","235000","274000","279000","279000","277000","295000","284000","295000","315000","387000","395000","408000","449000","464000","471000","557000","692000","654000","","",
"Heavily indebted poor countries (HIPC)","HPC","International tourism, number of departures","ST.INT.DPRT","","","","","","","","","","","","","","","","","","","","","","","","","","","","","","","","","","","","","","","","","","","","","","","","","","","","","","","","","","","",
"Croatia","HRV","International tourism, number of departures","ST.INT.DPRT","","","","","","","","","","","","","","","","","","","","","","","","","","","","","","","","","","","","","","","","","","","","","","","","","2357000","2497000","1873000","2880000","2680000","2927000","2763000","2578000","1615000","1923000","",
"Haiti","HTI","International tourism, number of departures","ST.INT.DPRT","","","","","","","","","","","","","","","","","","","","","","","","","","","","","","","","","","","","","","","","","","","","","","","","","","","","","","","","","","","",
"Hungary","HUN","International tourism, number of departures","ST.INT.DPRT","","","","","","","","","","","","","","","","","","","","","","","","","","","","","","","","","","","","13083000","12064000","12173000","12317000","10622000","11065000","11167000","12966000","14283000","17558000","17759000","16597000","17056000","17162000","16640000","16082000","16634000","16143000","16038000","16340000","17276000","18895000","20297000","",
"IBRD only","IBD","International tourism, number of departures","ST.INT.DPRT","","","","","","","","","","","","","","","","","","","","","","","","","","","","","","","","","","","","133564319.033161","138211489.277383","149487225.439252","153388158.645972","161723446.296438","184619761.138767","191929796.446423","185329208.580386","188240866.598885","208434527.050092","227814437.392931","245612629.507417","270478493.960725","288593910.494242","273231051.763161","306381787.975963","340685719.94303","376274863.091003","417631076.439073","417788383.790037","439469975.697476","461267354.116672","500809567.959206","",
"IDA & IBRD total","IBT","International tourism, number of departures","ST.INT.DPRT","","","","","","","","","","","","","","","","","","","","","","","","","","","","","","","","","","","","168679894.564284","174499605.517057","188985834.234308","194409398.091931","205835260.584968","235015277.364182","243608455.705607","235532318.79066","240367638.684011","266559223.495341","291417338.232404","313352280.223735","345506771.180099","369571827.546566","352052183.120957","392642090.185396","438633898.427425","484719486.640836","539988978.872079","541135544.604025","568921768.333747","596636097.150422","646462047.358723","",
"IDA total","IDA","International tourism, number of departures","ST.INT.DPRT","","","","","","","","","","","","","","","","","","","","","","","","","","","","","","","","","","","","","","","","","","","","","","","","","","","","","","","","","","","",
"IDA blend","IDB","International tourism, number of departures","ST.INT.DPRT","","","","","","","","","","","","","","","","","","","","","","","","","","","","","","","","","","","","","","","","","","","","","","","","","","","","","","","","","","","",
"Indonesia","IDN","International tourism, number of departures","ST.INT.DPRT","","","","","","","","","","","","","","","","","","","","","","","","","","","","","","","","","","","","","","","","","2205000","2505000","3231000","3478000","3941000","4106000","4967000","5158000","5486000","5053000","6235000","6750000","7454000","8025000","8074000","8176000","8340000","8856000","",
"IDA only","IDX","International tourism, number of departures","ST.INT.DPRT","","","","","","","","","","","","","","","","","","","","","","","","","","","","","","","","","","","","","","","","","","","","","","","","","","","","","","","","","","","",
"Isle of Man","IMN","International tourism, number of departures","ST.INT.DPRT","","","","","","","","","","","","","","","","","","","","","","","","","","","","","","","","","","","","","","","","","","","","","","","","","","","","","","","","","","","",
"India","IND","International tourism, number of departures","ST.INT.DPRT","","","","","","","","","","","","","","","","","","","","","","","","","","","","","","","","","","","","3056000","3464000","3726000","3811000","4115000","4416000","4564000","4940000","5351000","6213000","7185000","8340000","9783000","10868000","11067000","12988000","13994000","14920000","16626000","18330000","20376000","21872000","23943000","",
"Not classified","INX","International tourism, number of departures","ST.INT.DPRT","","","","","","","","","","","","","","","","","","","","","","","","","","","","","","","","","","","","","","","","","","","","","","","","","","","","","","","","","","","",
"Ireland","IRL","International tourism, number of departures","ST.INT.DPRT","","","","","","","","","","","","","","","","","","","","","","","","","","","","","","","","","","","","2547000","2733000","3053000","3330000","3576000","3783000","4216000","4634000","4929000","5409000","6113000","6848000","7713000","7877000","7047000","6917000","6514000","6600000","6579000","6676000","7094000","7646000","8171000","",
"Iran, Islamic Rep.","IRN","International tourism, number of departures","ST.INT.DPRT","","","","","","","","","","","","","","","","","","","","","","","","","","","","","","","","","","","","1000000","1218000","1433000","1690000","1856000","2286000","2400000","2921000","","","","","","","","","","","","7698000","6620000","9007000","10543000","",
"Iraq","IRQ","International tourism, number of departures","ST.INT.DPRT","","","","","","","","","","","","","","","","","","","","","","","","","","","","","","","","","","","","","","","","","","","","","","","","","","","","","","","","","","","",
"Iceland","ISL","International tourism, number of departures","ST.INT.DPRT","","","","","","","","","","","","","","","","","","","","","","","","","","","","","","","","","","","","166000","190000","203000","227000","257000","283000","","","","","364000","440000","460000","414000","259000","299000","341000","358000","365000","400000","450000","536000","619000","",
"Israel","ISR","International tourism, number of departures","ST.INT.DPRT","","","","","","","","","","","","","","","","","","","","","","","","","","","","","","","","","","","","2259000","2505000","2707000","2983000","3203000","3530000","3561000","3273000","3299000","3614000","3687000","3713000","4147000","4207000","4007000","4269000","4387000","4349000","4757000","5181000","5891000","6781000","7597000","",
"Italy","ITA","International tourism, number of departures","ST.INT.DPRT","","","","","","","","","","","","","","","","","","","","","","","","","","","","","","","","","","","","","18173000","17254000","17698000","17361000","20080000","20567000","22978000","24572000","21557000","23147000","24022000","25789000","26464000","27490000","28188000","27831000","27376000","26305000","26862000","27494000","29067000","31805000","",
"Jamaica","JAM","International tourism, number of departures","ST.INT.DPRT","","","","","","","","","","","","","","","","","","","","","","","","","","","","","","","","","","","","","","","","","","","","","","","","","","","","","","","","","","","",
"Jordan","JOR","International tourism, number of departures","ST.INT.DPRT","","","","","","","","","","","","","","","","","","","","","","","","","","","","","","","","","","","","1128000","1141000","1233000","1347000","1561000","1625000","1755000","1276000","1229000","1420000","1523000","2139000","2094000","1972000","2054000","2708000","1931000","1567000","1498000","1230000","","1511000","1592000","",
"Japan","JPN","International tourism, number of departures","ST.INT.DPRT","","","","","","","","","","","","","","","","","","","","","","","","","","","","","","","","","","","","15298000","16695000","16803000","15806000","16358000","17819000","16216000","16523000","13296000","16831000","17404000","17535000","17295000","15987000","15446000","16637000","16994000","18491000","17473000","16903000","16214000","17116000","17889000","",
"Kazakhstan","KAZ","International tourism, number of departures","ST.INT.DPRT","","","","","","","","","","","","","","","","","","","","","","","","","","","","","","","","","","","","","523000","419000","502000","398000","1247000","2294000","2274000","2374000","3915000","2975000","3615000","4449000","4239000","5309000","5893000","7852000","8875000","9931000","10230000","","","","",
"Kenya","KEN","International tourism, number of departures","ST.INT.DPRT","","","","","","","","","","","","","","","","","","","","","","","","","","","","","","","","","","","","","","","","","","","","","","","","","","","","","","","","","","","",
"Kyrgyz Republic","KGZ","International tourism, number of departures","ST.INT.DPRT","","","","","","","","","","","","","","","","","","","","","","","","","","","","","","","","","","","","42000","","","33000","45000","47000","46000","59000","116000","239000","201000","454000","559000","2273000","2354000","1342000","3061000","3621000","3993000","3790000","4008000","4185000","4446000","",
"Cambodia","KHM","International tourism, number of departures","ST.INT.DPRT","","","","","","","","","","","","","","","","","","","","","","","","","","","","","","","","","","","","31000","38000","45000","41000","49000","41000","37000","45000","60000","239000","568000","787000","996000","786000","340000","505000","710000","792000","872000","956000","1194000","1434000","1752000","",
"Kiribati","KIR","International tourism, number of departures","ST.INT.DPRT","","","","","","","","","","","","","","","","","","","","","","","","","","","","","","","","","","","","","","","","","","","","","","","","","","","","","","","","","","","",
"St. Kitts and Nevis","KNA","International tourism, number of departures","ST.INT.DPRT","","","","","","","","","","","","","","","","","","","","","","","","","","","","","","","","","","","","","","","","","","","","","","","","","","","","","","","","","","","",
"Korea, Rep.","KOR","International tourism, number of departures","ST.INT.DPRT","","","","","","","","","","","","","","","","","","","","","","","","","","","","","","","","","","","","3819000","4649000","4542000","3067000","4342000","5508000","6084000","7123000","7086000","8826000","10080000","11610000","13325000","11996000","9494000","12488000","12694000","13737000","14846000","16081000","19310000","22383000","26496000","",
"Kuwait","KWT","International tourism, number of departures","ST.INT.DPRT","","","","","","","","","","","","","","","","","","","","","","","","","","","","","","","","","","","","878000","1051000","1097000","1264000","1209000","1236000","1666000","1725000","1774000","1928000","2173000","2529000","2649000","","","","","","","","","","","",
"Latin America & Caribbean (excluding high income)","LAC","International tourism, number of departures","ST.INT.DPRT","","","","","","","","","","","","","","","","","","","","","","","","","","","","","","","","","","","","16449468.7744283","18543647.3529493","19080293.7154131","20752072.9109791","20199704.487115","22192213.7352473","23235110.474801","22963642.881289","23089419.3724915","25451921.1322444","27965354.6814402","29741568.7084848","32798749.1171889","33238762.5126995","31642234.691336","34174066.1305329","37086546.7499422","39625579.660116","41548372.410973","45326058.3291895","48039984.1059475","49440155.8201884","49482676.7566267","",
"Lao PDR","LAO","International tourism, number of departures","ST.INT.DPRT","","","","","","","","","","","","","","","","","","","","","","","","","","","","","","","","","","","","","","","","","","","","","","","","","","","1686000","1788000","2052000","2857000","3320000","3067000","3059000","3049000","",
"Lebanon","LBN","International tourism, number of departures","ST.INT.DPRT","","","","","","","","","","","","","","","","","","","","","","","","","","","","","","","","","","","","","","","","","","","","","","","","","","","","","","","","","","","",
"Liberia","LBR","International tourism, number of departures","ST.INT.DPRT","","","","","","","","","","","","","","","","","","","","","","","","","","","","","","","","","","","","","","","","","","","","","","","","","","","","","","","","","","","",
"Libya","LBY","International tourism, number of departures","ST.INT.DPRT","","","","","","","","","","","","","","","","","","","","","","","","","","","","","","","","","","","","484000","493000","650000","","","","","","","","","","","","","","","","","","","","","",
"St. Lucia","LCA","International tourism, number of departures","ST.INT.DPRT","","","","","","","","","","","","","","","","","","","","","","","","","","","","","","","","","","","","","","","","","","","","","","","","","","","","","","","","","","","",
"Latin America & Caribbean","LCN","International tourism, number of departures","ST.INT.DPRT","","","","","","","","","","","","","","","","","","","","","","","","","","","","","","","","","","","","23686948.3192453","26387385.6134741","27297840.7848979","29260618.2402339","28912882.0768869","31205732.9063205","31822738.8126374","29708043.3559445","30008635.9769706","33621020.9840395","36548898.5839295","38559640.1042116","42019810.704011","42939800.1912387","41445339.0835397","44765668.143062","50034826.664746","53662614.2338365","55851145.5720206","59911162.020137","63829140.0991544","67732603.3083368","70008338.9216723","",
"Least developed countries: UN classification","LDC","International tourism, number of departures","ST.INT.DPRT","","","","","","","","","","","","","","","","","","","","","","","","","","","","","","","","","","","","","","","","","","","","","","","","","","","","","","","","","","","",
"Low income","LIC","International tourism, number of departures","ST.INT.DPRT","","","","","","","","","","","","","","","","","","","","","","","","","","","","","","","","","","","","","","","","","","","","","","","","","","","","","","","","","","","",
"Liechtenstein","LIE","International tourism, number of departures","ST.INT.DPRT","","","","","","","","","","","","","","","","","","","","","","","","","","","","","","","","","","","","","","","","","","","","","","","","","","","","","","","","","","","",
"Sri Lanka","LKA","International tourism, number of departures","ST.INT.DPRT","","","","","","","","","","","","","","","","","","","","","","","","","","","","","","","","","","","","504000","494000","531000","518000","497000","524000","505000","533000","561000","680000","727000","757000","862000","966000","963000","1122000","1239000","1269000","1262000","1311000","1356000","1448000","1439000","",
"Lower middle income","LMC","International tourism, number of departures","ST.INT.DPRT","","","","","","","","","","","","","","","","","","","","","","","","","","","","","","","","","","","","30216623.205473","30698942.7048515","36721909.1233745","35210978.7869182","35369068.2692883","45454563.3047637","48711521.329115","51304231.3353421","53756303.677371","60606789.8138227","66404520.2140745","71122063.5753049","78055529.6833984","80755027.6342579","78959533.0528056","83562043.99467","94277501.9644226","103472853.132851","111717989.364365","112847646.238425","120818479.547892","128354981.680191","137622233.623195","",
"Low & middle income","LMY","International tourism, number of departures","ST.INT.DPRT","","","","","","","","","","","","","","","","","","","","","","","","","","","","","","","","","","","","116098108.359226","111756114.069779","120996141.562328","125203518.396749","129318460.955576","155592206.60819","168325256.815909","171264071.636972","182929208.606245","208732783.206797","228381092.083116","244994037.536527","272841652.975144","292780669.78347","289320703.771293","324006020.95384","365339958.078928","403808632.234575","453283775.317239","478545998.194495","492885287.036214","519279788.042458","563557371.713309","",
"Lesotho","LSO","International tourism, number of departures","ST.INT.DPRT","","","","","","","","","","","","","","","","","","","","","","","","","","","","","","","","","","","","","","","","","","","","","","","","","","","","","","","","","","","",
"Late-demographic dividend","LTE","International tourism, number of departures","ST.INT.DPRT","","","","","","","","","","","","","","","","","","","","","","","","","","","","","","","","","","","","98599622.5303296","101572876.292623","108398486.07167","112923859.76204","120347750.270167","134560623.118347","139010485.132467","132254161.570316","134812612.46315","147674763.391629","162808057.849933","178737607.803416","203431662.273504","222270388.856763","205626326.797761","228133978.492504","256879485.153346","283478095.864681","317087902.025521","313399675.744458","326309845.886813","338677351.55947","369509811.677116","",
"Lithuania","LTU","International tourism, number of departures","ST.INT.DPRT","","","","","","","","","","","","","","","","","","","","","","","","","","","","","","","","","","","","1925000","2864000","2981000","3241000","3487000","3632000","3390000","3584000","3502000","","1633000","1789000","1661000","1757000","1288000","1411000","1526000","1708000","1764000","1789000","1860000","1953000","2032000","",
"Luxembourg","LUX","International tourism, number of departures","ST.INT.DPRT","","","","","","","","","","","","","","","","","","","","","","","","","","","","","","","","","","","","","","694000","757000","809000","950000","923000","1049000","1021000","1100000","1185000","1084000","1132000","1190000","1362000","1237000","1643000","1580000","1624000","1815000","1702000","1588000","1802000","",
"Latvia","LVA","International tourism, number of departures","ST.INT.DPRT","","","","","","","","","","","","","","","","","","","","","","","","","","","","","","","","","","","","1812000","1798000","1877000","1961000","2256000","2596000","2697000","2306000","2286000","2457000","2959000","3151000","3398000","3782000","3268000","3332000","3257000","183000","1776000","1846000","1720000","1939000","2055000","",
"Macao SAR, China","MAC","International tourism, number of departures","ST.INT.DPRT","","","","","","","","","","","","","","","","","","","","","","","","","","","","","","","","","","","","","","","","","","","","","","629000","645000","599000","606000","671000","753000","908000","1291000","1446000","1537000","1466000","1251000","1391000","",
"St. Martin (French part)","MAF","International tourism, number of departures","ST.INT.DPRT","","","","","","","","","","","","","","","","","","","","","","","","","","","","","","","","","","","","","","","","","","","","","","","","","","","","","","","","","","","",
"Morocco","MAR","International tourism, number of departures","ST.INT.DPRT","","","","","","","","","","","","","","","","","","","","","","","","","","","","","","","","","","","","1317000","1212000","1203000","1275000","1545000","1508000","1701000","1533000","1612000","1603000","2247000","2135000","2669000","3421000","2293000","2175000","2378000","2323000","2195000","1850000","1910000","1864000","1849000","",
"Monaco","MCO","International tourism, number of departures","ST.INT.DPRT","","","","","","","","","","","","","","","","","","","","","","","","","","","","","","","","","","","","","","","","","","","","","","","","","","","","","","","","","","","",
"Moldova","MDA","International tourism, number of departures","ST.INT.DPRT","","","","","","","","","","","","","","","","","","","","","","","","","","","","","","","","","","","","","","","","","","","","","","","","","","93300","117200","136100","146800","157600","180600","189800","177000","229000","",
"Madagascar","MDG","International tourism, number of departures","ST.INT.DPRT","","","","","","","","","","","","","","","","","","","","","","","","","","","","","","","","","","","","39000","","","","","","","","","","","","","","","","","","","","","","","",
"Maldives","MDV","International tourism, number of departures","ST.INT.DPRT","","","","","","","","","","","","","","","","","","","","","","","","","","","","","","","","","","","","32000","32000","33000","37000","42000","42000","41000","43000","44000","61000","77000","74000","102000","123000","","","","","","","","","","",
"Middle East & North Africa","MEA","International tourism, number of departures","ST.INT.DPRT","","","","","","","","","","","","","","","","","","","","","","","","","","","","","","","","","","","","","","","","","","","","","","","","","","","","","","","","","","","",
"Mexico","MEX","International tourism, number of departures","ST.INT.DPRT","","","","","","","","","","","","","","","","","","","","","","","","","","","","","","","","","","","","8450000","9001000","8910000","9637000","10352000","11079000","12075000","11948000","11044000","12494000","13305000","14002000","15257000","14527000","14104000","14334000","14799000","15581000","15911000","18261000","19603000","20223000","19067000","",
"Marshall Islands","MHL","International tourism, number of departures","ST.INT.DPRT","","","","","","","","","","","","","","","","","","","","","","","","","","","","","","","","","","","","","","","","","","","","","","","","","","","","","","","","","","","",
"Middle income","MIC","International tourism, number of departures","ST.INT.DPRT","","","","","","","","","","","","","","","","","","","","","","","","","","","","","","","","","","","","103710492.068956","99779427.4165334","107726434.305085","111269627.192121","114199251.991664","137381442.253921","149282464.324338","152090868.445543","161983409.1896","185011382.145551","202664810.921087","218476003.619999","243778720.210542","260509402.400053","257316412.984688","287625227.19517","324419848.855541","358563001.384622","399883837.448063","422088962.176577","434641083.797547","458282948.190033","498274512.316371","",
"Macedonia, FYR","MKD","International tourism, number of departures","ST.INT.DPRT","","","","","","","","","","","","","","","","","","","","","","","","","","","","","","","","","","","","","","","","","","","","","","","","","","","","","","","","","","","",
"Mali","MLI","International tourism, number of departures","ST.INT.DPRT","","","","","","","","","","","","","","","","","","","","","","","","","","","","","","","","","","","","","","","","","","","","","","","","","","","","","","","","","","","",
"Malta","MLT","International tourism, number of departures","ST.INT.DPRT","","","","","","","","","","","","","","","","","","","","","","","","","","","","","","","","","","","","163000","168000","172000","167000","179000","200000","179000","157000","174000","203000","225000","257000","280000","261000","264000","294000","309000","331000","363000","391000","428000","497000","573000","",
"Myanmar","MMR","International tourism, number of departures","ST.INT.DPRT","","","","","","","","","","","","","","","","","","","","","","","","","","","","","","","","","","","","","","","","","","","","","","","","","","","","","","","","","","","",
"Middle East & North Africa (excluding high income)","MNA","International tourism, number of departures","ST.INT.DPRT","","","","","","","","","","","","","","","","","","","","","","","","","","","","","","","","","","","","","","","","","","","","","","","","","","","","","","","","","","","",
"Montenegro","MNE","International tourism, number of departures","ST.INT.DPRT","","","","","","","","","","","","","","","","","","","","","","","","","","","","","","","","","","","","","","","","","","","","","","","","","","","","","","","","","","","",
"Mongolia","MNG","International tourism, number of departures","ST.INT.DPRT","","","","","","","","","","","","","","","","","","","","","","","","","","","","","","","","","","","","","","","","","","","","","","","","","","","","","","","","","","","",
"Northern Mariana Islands","MNP","International tourism, number of departures","ST.INT.DPRT","","","","","","","","","","","","","","","","","","","","","","","","","","","","","","","","","","","","","","","","","","","","","","","","","","","","","","","","","","","",
"Mozambique","MOZ","International tourism, number of departures","ST.INT.DPRT","","","","","","","","","","","","","","","","","","","","","","","","","","","","","","","","","","","","","","","","","","","","","","","","","","","","","","","","","","","",
"Mauritania","MRT","International tourism, number of departures","ST.INT.DPRT","","","","","","","","","","","","","","","","","","","","","","","","","","","","","","","","","","","","","","","","","","","","","","","","","","","","","","","","","","","",
"Mauritius","MUS","International tourism, number of departures","ST.INT.DPRT","","","","","","","","","","","","","","","","","","","","","","","","","","","","","","","","","","","","107000","120000","132000","143000","154000","163000","161000","162000","161000","180000","183000","186000","213000","226000","196000","212000","219000","237000","228000","223000","242000","260000","283000","",
"Malawi","MWI","International tourism, number of departures","ST.INT.DPRT","","","","","","","","","","","","","","","","","","","","","","","","","","","","","","","","","","","","","","","","","","","","","","","","","","","","","","","","","","","",
"Malaysia","MYS","International tourism, number of departures","ST.INT.DPRT","","","","","","","","","","","","","","","","","","","","","","","","","","","","","","","","","","","","20642000","23333000","26165000","25631000","26067000","30532000","36248000","29866000","32201000","30761000","","","","","","","","","","","","","","",
"North America","NAC","International tourism, number of departures","ST.INT.DPRT","","","","","","","","","","","","","","","","","","","","","","","","","","","","","","","","","","","","69482144.9446349","71962828.79733","72330781.9040579","73334653.9669784","75580367.7651055","80498740.9498727","77791086.0231906","75769980.9668407","73987416.2109688","81403125.1337733","84599964.3908046","86397500.2952421","89221058.9147056","90704200.6992666","88350754.4032663","89758021.2704454","89676005.7174186","92990634.2873059","94332888.8258662","101722290.115645","106478192.001527","111525149.081688","120785905.246017","",
"Namibia","NAM","International tourism, number of departures","ST.INT.DPRT","","","","","","","","","","","","","","","","","","","","","","","","","","","","","","","","","","","","","","","","","","","","","","","","","","","","","","","","","","","",
"New Caledonia","NCL","International tourism, number of departures","ST.INT.DPRT","","","","","","","","","","","","","","","","","","","","","","","","","","","","","","","","","","","","59000","64000","63000","68000","69000","69000","68000","72000","78000","89000","96000","100000","106000","112000","119000","132000","124000","121000","121000","124000","127000","134000","135000","",
"Niger","NER","International tourism, number of departures","ST.INT.DPRT","","","","","","","","","","","","","","","","","","","","","","","","","","","","","","","","","","","","10000","10000","10000","10000","","","","","","","","","","","","","","","","","","","","",
"Nigeria","NGA","International tourism, number of departures","ST.INT.DPRT","","","","","","","","","","","","","","","","","","","","","","","","","","","","","","","","","","","","","","","","","","","","","","","","","","","","","","","","","","","",
"Nicaragua","NIC","International tourism, number of departures","ST.INT.DPRT","","","","","","","","","","","","","","","","","","","","","","","","","","","","","","","","","","","","255000","282000","330000","422000","452000","486000","499000","532000","562000","701000","740000","773000","949000","942000","858000","908000","912000","979000","994000","959000","925000","981000","982000","",
"Netherlands","NLD","International tourism, number of departures","ST.INT.DPRT","","","","","","","","","","","","","","","","","","","","","","","","","","","","","","","","","","","","12313000","12807000","12858000","13553000","14184000","13896000","14214000","16719000","16425000","17130000","17039000","16695000","17523000","18399000","18340000","18368000","18560000","18628000","18094000","17928000","18070000","17938000","","",
"Norway","NOR","International tourism, number of departures","ST.INT.DPRT","","","","","","","","","","","","","","","","","","","","","","","","","","","","","","","","","","","","590000","692000","753000","","2271000","2394000","2348000","2629000","2588000","2960000","3166000","3236000","3395000","","6640000","7590000","8130000","9250000","9280000","9190000","8750000","8030000","8170000","",
"Nepal","NPL","International tourism, number of departures","ST.INT.DPRT","","","","","","","","","","","","","","","","","","","","","","","","","","","","","","","","","","","","100000","119000","132000","122000","125000","155000","200000","238000","258000","286000","373000","415000","469000","561000","589000","765000","774000","862000","983000","","","","1197000","",
"Nauru","NRU","International tourism, number of departures","ST.INT.DPRT","","","","","","","","","","","","","","","","","","","","","","","","","","","","","","","","","","","","","","","","","","","","","","","","","","","","","","","","","","","",
"New Zealand","NZL","International tourism, number of departures","ST.INT.DPRT","","","","","","","","","","","","","","","","","","","","","","","","","","","","","","","","","","","","920000","1093000","1132000","1166000","1185000","1283000","1287000","1293000","1374000","1733000","1872000","1861000","1978000","1967000","1918000","2026000","2096000","2172000","2197000","2276000","2412000","2611000","2853000","",
"OECD members","OED","International tourism, number of departures","ST.INT.DPRT","","","","","","","","","","","","","","","","","","","","","","","","","","","","","","","","","","","","367684859.757368","390625205.218906","403448712.657226","427317442.732554","446500999.039472","474613122.932612","469763217.380344","469474581.78967","466506497.525708","493790812.693245","523574930.294634","528321059.834047","552361154.943354","558436879.808985","527670593.106843","540080242.134317","547837936.890211","557495343.530322","572603496.003117","572772204.690763","605411643.125654","639885141.649547","675432480.380886","",
"Oman","OMN","International tourism, number of departures","ST.INT.DPRT","","","","","","","","","","","","","","","","","","","","","","","","","","","","","","","","","","","","","","","","","","","2060000","","","2018000","2248000","2263000","2062000","1645000","1873000","2446000","2888000","3103000","3358000","3838000","4167000","4473000","",
"Other small states","OSS","International tourism, number of departures","ST.INT.DPRT","","","","","","","","","","","","","","","","","","","","","","","","","","","","","","","","","","","","","","","","","","","","","","","","","","","","","","","","","","","",
"Pakistan","PAK","International tourism, number of departures","ST.INT.DPRT","","","","","","","","","","","","","","","","","","","","","","","","","","","","","","","","","","","","","","","","","","","","","","","","","","","","","","","","","","","",
"Panama","PAN","International tourism, number of departures","ST.INT.DPRT","","","","","","","","","","","","","","","","","","","","","","","","","","","","","","","","","","","","185000","188000","194000","211000","221000","216000","200000","200000","227000","256000","285000","284000","314000","369000","336000","392000","414000","447000","619000","853000","740000","770000","917000","",
"Peru","PER","International tourism, number of departures","ST.INT.DPRT","","","","","","","","","","","","","","","","","","","","","","","","","","","","","","","","","","","","508000","510000","577000","538000","513000","730000","1060000","1232000","1433000","1635000","1841000","1857000","1915000","1913000","1891000","2058000","2132000","2296000","2364000","2442000","2595000","2751000","2875000","",
"Philippines","PHL","International tourism, number of departures","ST.INT.DPRT","","","","","","","","","","","","","","","","","","","","","","","","","","","","","","","","","","","","1615000","2121000","1930000","1817000","1755000","1670000","1787000","1969000","1803000","1920000","2144000","2745000","3066000","3355000","3188000","","","","","3488000","5115000","5703000","","",
"Palau","PLW","International tourism, number of departures","ST.INT.DPRT","","","","","","","","","","","","","","","","","","","","","","","","","","","","","","","","","","","","","","","9000","","","","","","","","","","","","","","","","","","","","",
"Papua New Guinea","PNG","International tourism, number of departures","ST.INT.DPRT","","","","","","","","","","","","","","","","","","","","","","","","","","","","","","","","","","","","51000","","64000","65000","58000","52000","38000","92000","","","","","","","","","","","","","","","","",
"Poland","POL","International tourism, number of departures","ST.INT.DPRT","","","","","","","","","","","","","","","","","","","","","","","","","","","","","","","","","","","","36387000","44713000","48610000","49328000","55097000","56677000","53122000","45043000","38730000","37226000","40841000","44696000","47561000","50243000","39270000","42760000","43270000","48290000","52580000","35400000","44300000","44500000","46700000","",
"Pre-demographic dividend","PRE","International tourism, number of departures","ST.INT.DPRT","","","","","","","","","","","","","","","","","","","","","","","","","","","","","","","","","","","","","","","","","","","","","","","","","","","","","","","","","","","",
"Puerto Rico","PRI","International tourism, number of departures","ST.INT.DPRT","","","","","","","","","","","","","","","","","","","","","","","","","","","","","","","","","","","","1237000","1184000","1251000","1250000","1134000","1259000","1331000","1227000","1272000","1361000","1410000","1468000","1441000","1438000","1116000","980000","924000","876000","839000","793000","746000","789000","792000","",
"Korea, Dem. People’s Rep.","PRK","International tourism, number of departures","ST.INT.DPRT","","","","","","","","","","","","","","","","","","","","","","","","","","","","","","","","","","","","","","","","","","","","","","","","","","","","","","","","","","","",
"Portugal","PRT","International tourism, number of departures","ST.INT.DPRT","","","","","","","","","","","","","","","","","","","","","","","","","","","","","","","","","","","","","","","","","","","","","17141000","18110000","18378000","20989000","","","","","1361000","1490000","1628000","1893000","1941000","2195000","",
"Paraguay","PRY","International tourism, number of departures","ST.INT.DPRT","","","","","","","","","","","","","","","","","","","","","","","","","","","","","","","","","","","","427000","418000","369000","318000","281000","175000","157000","141000","153000","170000","188000","210000","242000","278000","288000","302000","347000","400000","440000","426000","1008000","1503000","1548000","",
"West Bank and Gaza","PSE","International tourism, number of departures","ST.INT.DPRT","","","","","","","","","","","","","","","","","","","","","","","","","","","","","","","","","","","","","","","","","","","","","","","","","","","","","","","","","","","",
"Pacific island small states","PSS","International tourism, number of departures","ST.INT.DPRT","","","","","","","","","","","","","","","","","","","","","","","","","","","","","","","","","","","","","","","","","","","","","","","","","","","","","","","","","","","",
"Post-demographic dividend","PST","International tourism, number of departures","ST.INT.DPRT","","","","","","","","","","","","","","","","","","","","","","","","","","","","","","","","","","","","","","395746637.233737","417655769.279205","434446955.904492","472125307.77443","474216085.503468","486131852.600637","485263471.810787","520148612.976738","547843398.974819","550964797.306851","578169896.109208","583096431.139014","564749571.358796","575298550.044902","586236879.73211","596653032.946486","606794275.194531","619811958.866943","645776662.64589","682469758.396896","717042956.799114","",
"French Polynesia","PYF","International tourism, number of departures","ST.INT.DPRT","","","","","","","","","","","","","","","","","","","","","","","","","","","","","","","","","","","","63000","65000","","","","","","","","","","","","","88000","89000","84000","83000","","48000","55000","48000","55000","",
"Qatar","QAT","International tourism, number of departures","ST.INT.DPRT","","","","","","","","","","","","","","","","","","","","","","","","","","","","","","","","","","","","","","","","","","","","","","","","","","","","","","","","","","","",
"Romania","ROU","International tourism, number of departures","ST.INT.DPRT","","","","","","","","","","","","","","","","","","","","","","","","","","","","","","","","","","","","5737000","5748000","6243000","6893000","6274000","6388000","6408000","5757000","6497000","6972000","7140000","8906000","10980000","13072000","11723000","10905000","10936000","11149000","11364000","12299000","13118000","16128000","19953000","",
"Russian Federation","RUS","International tourism, number of departures","ST.INT.DPRT","","","","","","","","","","","","","","","","","","","","","","","","","","","","","","","","","","","","21329000","12260000","11182000","10635000","12631000","18371000","18030000","20428000","20572000","24507000","28416000","29107000","34285000","36538000","34276000","39323000","43726000","47813000","54069000","45889000","34550000","31659000","39629000","",
"Rwanda","RWA","International tourism, number of departures","ST.INT.DPRT","","","","","","","","","","","","","","","","","","","","","","","","","","","","","","","","","","","","","","","","","","","","","","","","","","","","","","","","","","","",
"South Asia","SAS","International tourism, number of departures","ST.INT.DPRT","","","","","","","","","","","","","","","","","","","","","","","","","","","","","","","","","","","","5104212.17752535","5666330.19265309","5968835.46987043","6185555.66847389","6639313.5842999","7071625.23047243","7207075.3545996","7801927.14972473","8610112.89035016","9938652.85783077","11433119.2273672","12873405.5472527","15286675.258785","15117362.6036261","16943521.7787288","19125115.5531028","20658496.8691903","22014160.8856421","23161348.8390597","25431129.9501325","28138552.8270597","30194692.2477008","32864565.9790369","",
"Saudi Arabia","SAU","International tourism, number of departures","ST.INT.DPRT","","","","","","","","","","","","","","","","","","","","","","","","","","","","","","","","","","","","","","","","","","","7896000","4104000","3811000","4403000","2000000","4126000","4087000","6032000","17827000","15281320","18671000","19153960","19824490","20819000","21207000","21071000","",
"Sudan","SDN","International tourism, number of departures","ST.INT.DPRT","","","","","","","","","","","","","","","","","","","","","","","","","","","","","","","","","","","","195000","","","","","","","","","","","","","","","","","","","","","","","",
"Senegal","SEN","International tourism, number of departures","ST.INT.DPRT","","","","","","","","","","","","","","","","","","","","","","","","","","","","","","","","","","","","","","","","","","","","","","","","","","","","","","","","","","","",
"Singapore","SGP","International tourism, number of departures","ST.INT.DPRT","","","","","","","","","","","","","","","","","","","","","","","","","","","","","","","","","","","","2867000","3305000","3671000","3745000","3971000","4444000","4363000","4399000","4221000","5165000","5159000","5533000","6024000","6828000","6961000","7342000","7753000","8048000","8647000","8903000","9125000","9474000","9889000","",
"Solomon Islands","SLB","International tourism, number of departures","ST.INT.DPRT","","","","","","","","","","","","","","","","","","","","","","","","","","","","","","","","","","","","","","","","","","","","","","","","","","","","","","","","","","","",
"Sierra Leone","SLE","International tourism, number of departures","ST.INT.DPRT","","","","","","","","","","","","","","","","","","","","","","","","","","","","","","","","","","","","","","6000","7000","13000","13000","20000","27000","13000","28000","63000","67000","71000","73000","72000","76000","99000","104000","111000","93000","61000","92000","","",
"El Salvador","SLV","International tourism, number of departures","ST.INT.DPRT","","","","","","","","","","","","","","","","","","","","","","","","","","","","","","","","","","","","348000","492000","627000","868000","787000","923000","933000","1001000","940000","1079000","1239000","1242000","1012000","","1345000","1421000","1469000","1462000","1515000","1515000","1618000","1804000","1871000","",
"San Marino","SMR","International tourism, number of departures","ST.INT.DPRT","","","","","","","","","","","","","","","","","","","","","","","","","","","","","","","","","","","","","","","","","","","","","","","","","","","","","","","","","","","",
"Somalia","SOM","International tourism, number of departures","ST.INT.DPRT","","","","","","","","","","","","","","","","","","","","","","","","","","","","","","","","","","","","","","","","","","","","","","","","","","","","","","","","","","","",
"Serbia","SRB","International tourism, number of departures","ST.INT.DPRT","","","","","","","","","","","","","","","","","","","","","","","","","","","","","","","","","","","","","","","","","","","","","","","","","","","","","","","","","","","",
"Sub-Saharan Africa (excluding high income)","SSA","International tourism, number of departures","ST.INT.DPRT","","","","","","","","","","","","","","","","","","","","","","","","","","","","","","","","","","","","","","","","","","","","","","","","","","","","","","","","","","","",
"South Sudan","SSD","International tourism, number of departures","ST.INT.DPRT","","","","","","","","","","","","","","","","","","","","","","","","","","","","","","","","","","","","","","","","","","","","","","","","","","","","","","","","","","","",
"Sub-Saharan Africa","SSF","International tourism, number of departures","ST.INT.DPRT","","","","","","","","","","","","","","","","","","","","","","","","","","","","","","","","","","","","","","","","","","","","","","","","","","","","","","","","","","","",
"Small states","SST","International tourism, number of departures","ST.INT.DPRT","","","","","","","","","","","","","","","","","","","","","","","","","","","","","","","","","","","","","","","","","","","","","","","","","","","","","","","","","","","",
"Sao Tome and Principe","STP","International tourism, number of departures","ST.INT.DPRT","","","","","","","","","","","","","","","","","","","","","","","","","","","","","","","","","","","","","","","","","","","","","","","","","","","","","","","","","","","",
"Suriname","SUR","International tourism, number of departures","ST.INT.DPRT","","","","","","","","","","","","","","","","","","","","","","","","","","","","","","","","","","","","","","","","","","","","","","","","","","","","","","","","","","","",
"Slovak Republic","SVK","International tourism, number of departures","ST.INT.DPRT","","","","","","","","","","","","","","","","","","","","","","","","","","","","","","","","","","","","","","","","","","","","","","2987000","3149000","3603000","3683000","3230000","2692000","3285000","2689000","2129000","2406000","2777000","3095000","3870000","",
"Slovenia","SVN","International tourism, number of departures","ST.INT.DPRT","","","","","","","","","","","","","","","","","","","","","","","","","","","","","","","","","","","","","","","","","1965000","2055000","2127000","2114000","2800000","2660000","2680000","2496000","2459000","2586000","2874000","2722000","2474000","2612000","2642000","2867000","2853000","3013000","",
"Sweden","SWE","International tourism, number of departures","ST.INT.DPRT","","","","","","","","","","","","","","","","","","","","","","","","","","","","","","","","","","","","10127000","10390000","10818000","11422000","10500000","10147000","10741000","12888000","12649000","13950000","15677000","12559000","12692000","13291000","11699000","13042000","14651000","15548000","15917000","","","","21232000","",
"Eswatini","SWZ","International tourism, number of departures","ST.INT.DPRT","","","","","","","","","","","","","","","","","","","","","","","","","","","","","","","","","","","","","","","","","","","","","","1082000","1072000","1130000","1177000","1245000","1141000","1264000","1403000","1573000","1657000","1713000","1789000","1751000","",
"Sint Maarten (Dutch part)","SXM","International tourism, number of departures","ST.INT.DPRT","","","","","","","","","","","","","","","","","","","","","","","","","","","","","","","","","","","","","","","","","","","","","","","","","","","","","","","","","","","",
"Seychelles","SYC","International tourism, number of departures","ST.INT.DPRT","","","","","","","","","","","","","","","","","","","","","","","","","","","","","","","","","","","","31000","29000","30000","31000","32000","36000","41000","53000","50000","48000","52000","55000","58000","54000","49000","59000","48000","45000","47000","50000","56000","68000","74000","",
"Syrian Arab Republic","SYR","International tourism, number of departures","ST.INT.DPRT","","","","","","","","","","","","","","","","","","","","","","","","","","","","","","","","","","","","1746000","1871000","2299000","2411000","2994000","3863000","3492000","3299000","3997000","4309000","4564000","4042000","4196000","5253000","5215000","6259000","","","","","","","","",
"Turks and Caicos Islands","TCA","International tourism, number of departures","ST.INT.DPRT","","","","","","","","","","","","","","","","","","","","","","","","","","","","","","","","","","","","","","","","","","","","","","","","","","","","","","","","","","","",
"Chad","TCD","International tourism, number of departures","ST.INT.DPRT","","","","","","","","","","","","","","","","","","","","","","","","","","","","","","","","","","","","","","","","","27000","40000","23000","","","","","","58000","66000","39000","76000","79000","","","","56000","52000","",
"East Asia & Pacific (IDA & IBRD countries)","TEA","International tourism, number of departures","ST.INT.DPRT","","","","","","","","","","","","","","","","","","","","","","","","","","","","","","","","","","","","18741021.5749075","21204832.3326914","22985774.5020699","24425277.1209305","25360548.0039409","29172516.0927387","34054912.0916784","33625084.6244344","37325547.9017585","42606235.5382051","46259022.4619531","52483256.9382696","61256073.1450348","67107954.3511484","68801001.0215601","83096254.5053405","98955094.1773124","115589075.063509","135039428.488277","157724133.751546","172853201.374673","183823934.603881","194998127.266885","",
"Europe & Central Asia (IDA & IBRD countries)","TEC","International tourism, number of departures","ST.INT.DPRT","","","","","","","","","","","","","","","","","","","","","","","","","","","","","","","","","","","","93402232.891662","91683970.2160254","100969123.121546","100232336.999242","108091472.8211","126068263.178927","124279576.58714","118064078.361827","113200774.882697","121421961.95976","133253801.431312","143323178.872476","153773061.36126","164773530.460676","149177766.961638","159861132.892348","175182804.829774","190023433.25458","210526514.758337","181962553.498793","182606735.59547","184597665.487561","208263875.60824","",
"Togo","TGO","International tourism, number of departures","ST.INT.DPRT","","","","","","","","","","","","","","","","","","","","","","","","","","","","","","","","","","","","","","","","","","","","","","","","","","","","","","","","","","","",
"Thailand","THA","International tourism, number of departures","ST.INT.DPRT","","","","","","","","","","","","","","","","","","","","","","","","","","","","","","","","","","","","1820000","1845000","1660000","1412000","1655000","1909000","2011000","2250000","2152000","2709000","3047000","3382000","4018000","3908000","4653000","5451000","5397000","5721000","5970000","6444000","6794000","8204000","8963000","",
"Tajikistan","TJK","International tourism, number of departures","ST.INT.DPRT","","","","","","","","","","","","","","","","","","","","","","","","","","","","","","","","","","","","","","","","4100","6400","2700","","","","","","","","","","","15000","15000","19000","16000","22000","31000","",
"Turkmenistan","TKM","International tourism, number of departures","ST.INT.DPRT","","","","","","","","","","","","","","","","","","","","","","","","","","","","","","","","","","","","21000","29000","31000","357000","","78000","111000","79000","34000","32000","33000","33000","38000","","","","","","","","","","","",
"Latin America & the Caribbean (IDA & IBRD countries)","TLA","International tourism, number of departures","ST.INT.DPRT","","","","","","","","","","","","","","","","","","","","","","","","","","","","","","","","","","","","22168741.1478368","24921576.3283432","25742373.81147","27687852.0066773","27465574.5205733","29567307.1862101","30124270.5448208","28140809.6952297","28390446.7561513","31878023.3425555","34698502.5728836","36598071.700034","40104460.5987021","41019381.0809103","39892781.5122976","43291025.4663695","48616607.5401593","52337666.7967057","54480852.3210383","58501972.0117351","62221481.9028728","65741640.1114252","67975016.9920064","",
"Timor-Leste","TLS","International tourism, number of departures","ST.INT.DPRT","","","","","","","","","","","","","","","","","","","","","","","","","","","","","","","","","","","","","","","","","","","","","","","","","","","","","","","","","","","",
"Middle East & North Africa (IDA & IBRD countries)","TMN","International tourism, number of departures","ST.INT.DPRT","","","","","","","","","","","","","","","","","","","","","","","","","","","","","","","","","","","","","","","","","","","","","","","","","","","","","","","","","","","",
"Tonga","TON","International tourism, number of departures","ST.INT.DPRT","","","","","","","","","","","","","","","","","","","","","","","","","","","","","","","","","","","","","","","","","","","","","","","","","","","","","","","","","","","",
"South Asia (IDA & IBRD)","TSA","International tourism, number of departures","ST.INT.DPRT","","","","","","","","","","","","","","","","","","","","","","","","","","","","","","","","","","","","5104212.17752535","5666330.19265309","5968835.46987043","6185555.66847389","6639313.5842999","7071625.23047243","7207075.3545996","7801927.14972473","8610112.89035016","9938652.85783077","11433119.2273672","12873405.5472527","15286675.258785","15117362.6036261","16943521.7787288","19125115.5531028","20658496.8691903","22014160.8856421","23161348.8390597","25431129.9501325","28138552.8270597","30194692.2477008","32864565.9790369","",
"Sub-Saharan Africa (IDA & IBRD countries)","TSS","International tourism, number of departures","ST.INT.DPRT","","","","","","","","","","","","","","","","","","","","","","","","","","","","","","","","","","","","","","","","","","","","","","","","","","","","","","","","","","","",
"Trinidad and Tobago","TTO","International tourism, number of departures","ST.INT.DPRT","","","","","","","","","","","","","","","","","","","","","","","","","","","","","","","","","","","","261000","248000","","","","","","","","","","","","","270000","273000","","","","","","","","",
"Tunisia","TUN","International tourism, number of departures","ST.INT.DPRT","","","","","","","","","","","","","","","","","","","","","","","","","","","","","","","","","","","","1778000","1428000","1381000","1526000","1480000","1632000","1669000","1939000","2274000","2312000","2241000","2302000","2743000","3118000","2623000","2250000","2303000","2897000","2873000","2637000","","1830000","","",
"Turkey","TUR","International tourism, number of departures","ST.INT.DPRT","","","","","","","","","","","","","","","","","","","","","","","","","","","","","","","","","","","","3981000","4261000","4633000","4601000","4758000","5284000","4856000","5131000","5928000","7299000","8246000","8275000","4956000","4893000","5561000","6557000","6282000","5803000","7526000","7982000","8751000","7892000","8887000","",
"Tuvalu","TUV","International tourism, number of departures","ST.INT.DPRT","","","","","","","","","","","","","","","","","","","","","","","","","","","","","","","","","","","","","","","1900","2200","2900","2800","2700","2600","2300","2200","2000","2400","","","","2100","","","","","","","",
"Tanzania","TZA","International tourism, number of departures","ST.INT.DPRT","","","","","","","","","","","","","","","","","","","","","","","","","","","","","","","","","","","","157000","148000","","","","","","","","","","","","","","","","","","","","","","",
"Uganda","UGA","International tourism, number of departures","ST.INT.DPRT","","","","","","","","","","","","","","","","","","","","","","","","","","","","","","","","","","","","","","148000","241000","327000","153000","152000","184000","189000","231000","189000","254000","272000","337000","311000","324000","367000","469000","471000","511000","523000","568000","","",
"Ukraine","UKR","International tourism, number of departures","ST.INT.DPRT","","","","","","","","","","","","","","","","","","","","","","","","","","","","","","","","","","","","6552000","6004000","9632000","7773000","7399000","13422000","14849000","14729000","14795000","15588000","16454000","16875000","17335000","15499000","15334000","17180000","19773000","21433000","23761000","22438000","23142000","24668000","26437000","",
"Upper middle income","UMC","International tourism, number of departures","ST.INT.DPRT","","","","","","","","","","","","","","","","","","","","","","","","","","","","","","","","","","","","68190216.8486909","64714120.9203752","67933239.5864214","71653813.3018039","73962114.9140927","87383794.8790495","95353729.2469895","96170479.7697762","102948937.136779","118053363.176188","129306418.583812","139764653.287867","156900760.780173","169539435.257067","168028985.604156","188972565.40126","213126805.815047","236119720.936655","266186574.988611","284824849.589199","289978648.329438","305058357.093309","332957893.023429","",
"Uruguay","URY","International tourism, number of departures","ST.INT.DPRT","","","","","","","","","","","","","","","","","","","","","","","","","","","","","","","","","","","","","","562000","654000","778000","667000","531000","530000","495000","569000","658000","666000","635000","734000","826000","1027000","1534000","1816000","2281000","2396000","2217000","1715000","1789000","",
"United States","USA","International tourism, number of departures","ST.INT.DPRT","","","","","","","","","","","","","","","","","","","","","","","","","","","","","","","","","","","","51285000","52999000","53229000","55696000","57222000","61327000","59442000","58066000","56250000","61809000","63503000","63663000","64049000","63653000","62130000","61061000","59209000","60697000","61344000","68185000","74191000","80226000","87703000","",
"Uzbekistan","UZB","International tourism, number of departures","ST.INT.DPRT","","","","","","","","","","","","","","","","","","","","","","","","","","","","","","","","","","","","","","","","","","","","","","","","","","","","","","","","","","","",
"St. Vincent and the Grenadines","VCT","International tourism, number of departures","ST.INT.DPRT","","","","","","","","","","","","","","","","","","","","","","","","","","","","","","","","","","","","","","","","","","","","","","","","","","","","","","","","","","","",
"Venezuela, RB","VEN","International tourism, number of departures","ST.INT.DPRT","","","","","","","","","","","","","","","","","","","","","","","","","","","","","","","","","","","","534000","511000","460000","752000","754000","954000","933000","881000","832000","816000","1067000","1095000","1410000","1745000","1651000","1477000","1719000","1734000","1931000","1589000","1539000","1530000","1079000","",
"British Virgin Islands","VGB","International tourism, number of departures","ST.INT.DPRT","","","","","","","","","","","","","","","","","","","","","","","","","","","","","","","","","","","","79000","","","","","","","","","","","171000","166000","166000","140000","151000","145000","139000","","","","","","",
"Virgin Islands (U.S.)","VIR","International tourism, number of departures","ST.INT.DPRT","","","","","","","","","","","","","","","","","","","","","","","","","","","","","","","","","","","","","","","","","","","","","","","","","","","","","","","","","","","",
"Vietnam","VNM","International tourism, number of departures","ST.INT.DPRT","","","","","","","","","","","","","","","","","","","","","","","","","","","","","","","","","","","","","","","","","","","","","","","","","","","","","","","","","","","",
"Vanuatu","VUT","International tourism, number of departures","ST.INT.DPRT","","","","","","","","","","","","","","","","","","","","","","","","","","","","","","","","","","","","11000","11000","11000","12000","12000","12000","11000","11000","12000","13000","14000","15000","16000","19000","20000","21000","22000","23000","26000","26000","27000","25000","28000","",
"World","WLD","International tourism, number of departures","ST.INT.DPRT","","","","","","","","","","","","","","","","","","","","","","","","","","","","","","","","","","","","633393234.313954","656452241.286374","687161610.410599","723125836.474508","758304698.46519","829615668.870275","840120739.521348","845298488.433862","843789290.114712","916382454.577918","976573243.298969","1000618146.32886","1069866871.28423","1100156576.62194","1059959001.97014","1140059121.56523","1190658941.6033","1246496269.0193","1311315546.73659","1334402137.81318","1397711354.88687","1475136054.18814","1566927066.23023","",
"Samoa","WSM","International tourism, number of departures","ST.INT.DPRT","","","","","","","","","","","","","","","","","","","","","","","","","","","","","","","","","","","","","","","","58000","61000","56000","53000","51000","54000","52000","51000","52000","53000","43000","56000","57000","56000","51000","57000","54000","","55000","",
"Kosovo","XKX","International tourism, number of departures","ST.INT.DPRT","","","","","","","","","","","","","","","","","","","","","","","","","","","","","","","","","","","","","","","","","","","","","","","","","","","","","","","","","","","",
"Yemen, Rep.","YEM","International tourism, number of departures","ST.INT.DPRT","","","","","","","","","","","","","","","","","","","","","","","","","","","","","","","","","","","","","","","","","","","","","","","","","","","","","","","","","","","",
"South Africa","ZAF","International tourism, number of departures","ST.INT.DPRT","","","","","","","","","","","","","","","","","","","","","","","","","","","","","","","","","","","","","","","","","","","","","","","","","","","","","","","","","","","",
"Zambia","ZMB","International tourism, number of departures","ST.INT.DPRT","","","","","","","","","","","","","","","","","","","","","","","","","","","","","","","","","","","","","","","","","","","","","","","","","","","","","","","","","","","",
"Zimbabwe","ZWE","International tourism, number of departures","ST.INT.DPRT","","","","","","","","","","","","","","","","","","","","","","","","","","","","","","","","","","","","256000","69000","123000","213000","331000","","","","386000","498000","474000","541000","547000","593000","631000","650000","693000","720000","2946000","3182000","3393000","3192000","2768000","",
